﻿<?xml version="1.0"?>
<doc>
<assembly>
<name>
Stream2Wallpaper
</name>
</assembly>
<members>
<member name="T:Stream2Wallpaper.My.Resources.Resources">
<summary>
  A strongly-typed resource class, for looking up localized strings, etc.
</summary>
</member>
<member name="P:Stream2Wallpaper.My.Resources.Resources.ResourceManager">
<summary>
  Returns the cached ResourceManager instance used by this class.
</summary>
</member>
<member name="P:Stream2Wallpaper.My.Resources.Resources.Culture">
<summary>
  Overrides the current thread's CurrentUICulture property for all
  resource lookups using this strongly typed resource class.
</summary>
</member>
<member name="M:Stream2Wallpaper.WindowManager.MoveWindowBehindDesktopIcons(System.IntPtr)">
 <summary>
 Sets the specified window (by its handle) as a child of the WorkerW window.
 This causes the window to appear behind the desktop icons.
 </summary>
 
</member>
</members>
</doc>
